episode,reward,cost,success,collision,timeout,path_length,smoothness,steps,event,shield_active
0,129.086951,0.090877,1,0,0,1.501229,1.406703,80,success,0
1,129.162651,0.048204,1,0,0,1.504862,1.442621,80,success,0
2,129.083212,0.147758,1,0,0,1.503264,1.433830,80,success,0
3,128.820704,0.230309,1,0,0,1.476534,1.411901,80,success,0
4,129.068447,0.065687,1,0,0,1.498068,1.424905,80,success,0
