episode,reward,cost,success,collision,timeout,path_length,smoothness,steps,event,shield_active
0,-38.594036,0.204672,0,0,1,4.917966,2.379355,250,timeout,0
1,-38.573821,0.092176,0,0,1,4.863822,1.549635,250,timeout,0
2,-38.508048,0.060311,0,0,1,4.860165,1.558266,250,timeout,0
3,-38.464232,0.102541,0,0,1,4.860478,1.558253,250,timeout,0
4,-38.447803,0.045683,0,0,1,4.899793,1.567387,250,timeout,0
