episode,reward,cost,success,collision,timeout,path_length,smoothness,steps,event,shield_active
0,127.906717,0.134033,1,0,0,1.311315,1.330935,70,success,0
1,127.821423,0.120926,1,0,0,1.303933,1.339534,70,success,0
2,127.673737,0.188064,1,0,0,1.289821,1.330530,70,success,0
3,127.798021,0.196329,1,0,0,1.302471,1.350048,70,success,0
4,127.870882,0.058901,1,0,0,1.305174,1.359367,70,success,0
