goal_x,goal_y,episodes,success_rate,collision_rate,timeout_rate,mean_reward,mean_cost,mean_path_length,mean_smoothness,mean_steps,passed
1.8,-0.3,5,1.0,0.0,0.0,127.81866343256829,0.10587229984147177,1.3409654043614865,1.4062698402318348,73.6,True
2.0,-0.3,5,1.0,0.0,0.0,129.13967297795415,0.14285717606544462,1.539807859249413,1.4536457064041315,83.4,True
2.2,-0.3,5,1.0,0.0,0.0,130.40916735333204,0.1076688272612432,1.7249354861676693,1.4663565904746065,92.6,True
1.8,0.0,5,1.0,0.0,0.0,127.80362281477451,0.11894454274858716,1.2979575184173882,1.365164366873978,69.8,True
2.0,0.0,5,1.0,0.0,0.0,129.13338266298175,0.10225734625543839,1.5061082426458596,1.4250454181908936,80.0,True
2.2,0.0,5,1.0,0.0,0.0,130.34483342945578,0.1714748995644702,1.7076121866703033,1.4626402298687027,90.0,True
1.8,0.3,5,1.0,0.0,0.0,127.72636685094237,0.09990250808852032,1.4725116247311234,1.410509147385892,77.8,True
2.0,0.3,5,1.0,0.0,0.0,128.98565928974747,0.13989139199256864,1.7033237859606742,1.4649284651892232,88.2,True
2.2,0.3,5,1.0,0.0,0.0,130.21815616074204,0.1571604021957939,1.9435643815435468,1.5049331135895045,99.4,True
