run_id,goal_x,goal_y,episodes,success_rate,collision_rate,timeout_rate,mean_reward,mean_cost,mean_path_length,mean_smoothness,mean_steps,conclusion
20260613092339,2.0,0.0,5,1.0,0.0,0.0,129.04439296752213,0.11656704459871532,1.4967913839966058,1.4239921118605707,80.0,trained target passed
20260613094230,1.5,0.5,5,0.0,0.0,1.0,-38.51758817106488,0.10107665232249644,4.880444715265185,1.7225792248928884,250.0,lateral target timed out
20260613094639,1.8,0.0,5,1.0,0.0,0.0,127.81415619581938,0.1396504010472975,1.3025427947752177,1.3420828601421817,70.0,local forward generalization passed
20260613095113,2.2,0.0,5,1.0,0.0,0.0,130.38790561732648,0.13421593649046723,1.7072668590582907,1.4799592647617827,89.6,local forward generalization passed
