episode,reward,cost,success,collision,timeout,path_length,smoothness,steps,event,shield_active
0,130.390737,0.160615,1,0,0,1.704016,1.474221,89,success,0
1,130.301083,0.154082,1,0,0,1.693987,1.477222,89,success,0
2,130.335586,0.126596,1,0,0,1.700882,1.512001,90,success,0
3,130.518599,0.127463,1,0,0,1.729273,1.482466,90,success,0
4,130.393522,0.102324,1,0,0,1.708176,1.453886,90,success,0
